[
  {
    "icon": "fa fa-home",
    "slug": "external",
    "title": "Volver al inicio",
    "path": "index.html"
  },  
  {
    "id": 1,
    "icon": "fa fa-play-circle",
    "slug": "generacion_ideas",
    "title": "1. Generación de ideas",    
    "path": "pages/tema-1.html", 
    "submenu": [
      {
        "icon": "fa fa-file-text",
        "slug": "generacion_ideas",
        "title": "1.1 La regla de 9",
        "anchor": "tema1_1"
      },
      {
        "icon": "fa fa-file-text",
        "slug": "generacion_ideas",
        "title": "1.2 Asociación libre",
        "anchor": "tema1_2"
      },
      {
        "icon": "fa fa-file-text",
        "slug": "generacion_ideas",
        "title": "1.3 Poema dadaísta",
        "anchor": "tema1_3"
      },
      {
        "icon": "fa fa-file-text",
        "slug": "generacion_ideas",
        "title": "1.4 Silogismos",
        "anchor": "tema1_4"
      },
      {
        "icon": "fa fa-file-text",
        "slug": "generacion_ideas",
        "title": "1.5 Cadáver exquisito",
        "anchor": "tema1_5"
      },
      {
        "icon": "fa fa-file-text",
        "slug": "generacion_ideas",
        "title": "1.6 Cartografía social",
        "anchor": "tema1_6"
      },
      {
        "icon": "fa fa-file-text",
        "slug": "generacion_ideas",
        "title": "1.7 Cuaderno de ideas",
        "anchor": "tema1_7"
      }
    ]   
  },
  {
    "id": 2,
    "icon": "fa fa-play-circle",
    "slug": "esquemas_narracion",
    "title": "2. Esquemas de narración",    
    "path": "pages/tema-2.html",
    "submenu": [
      {
        "icon": "fa fa-file-text",
        "slug": "esquemas_narracion",
        "title": "2.1 Modelo aristotélico y el paradigma",
        "anchor": "tema2_1"
      },
      {
        "icon": "fa fa-file-text",
        "slug": "esquemas_narracion",
        "title": "2.2 El viaje del héroe",
        "anchor": "tema2_2"
      }
    ]      
  },
  {
    "id": 3,
    "icon": "fa fa-play-circle",
    "slug": "creacion_personajes",
    "title": "3. Creación y diseño de personajes",    
    "path": "pages/tema-3.html"    
  },  
  {
    "id": 4,
    "icon": "fa fa-play-circle",
    "slug": "guion",
    "title": "4. Guion",    
    "path": "pages/tema-4.html",
    "submenu": [
      {
        "icon": "fa fa-file-text",
        "slug": "guion",
        "title": "4.1 El guion en la animación",
        "anchor": "tema4_1"
      },
      {
        "icon": "fa fa-file-text",
        "slug": "guion",
        "title": "4.2 Guion literario",
        "anchor": "tema4_2"
      }
    ]     
  }
]